site_id,horizon,variable,estimate
BARC,1,chla,0.05308090026246419
BARC,1,oxygen,-0.07268019471098777
BARC,1,temperature,-0.4100602703452437
BARC,5,chla,0.014993835214240157
BARC,5,oxygen,-0.09905688583635022
BARC,5,temperature,-0.45211223626662156
BARC,10,chla,-0.013101392847941824
BARC,10,oxygen,-0.11811283635208152
BARC,10,temperature,-0.4767490358227787
BARC,15,chla,-0.022526826171415805
BARC,15,oxygen,-0.12675549112301845
BARC,15,temperature,-0.4873059609245035
BARC,20,chla,-0.02487166308669748
BARC,20,oxygen,-0.13376914764716216
BARC,20,temperature,-0.49873366543544406
BARC,25,chla,-0.02165856910568513
BARC,25,oxygen,-0.13902419639559202
BARC,25,temperature,-0.5052694126564813
BARC,30,chla,-0.01757473972205753
BARC,30,oxygen,-0.14425204986870174
BARC,30,temperature,-0.5151855873326533
BLWA,1,chla,-4.043989485051455
BLWA,1,oxygen,0.9059829562824028
BLWA,1,temperature,-0.49754498958638316
BLWA,5,chla,-4.3911837532888
BLWA,5,oxygen,0.8587644613113935
BLWA,5,temperature,-0.5582549460301843
BLWA,10,chla,-4.748229285178756
BLWA,10,oxygen,0.8157646649369771
BLWA,10,temperature,-0.6088079778085599
BLWA,15,chla,-4.902705592533553
BLWA,15,oxygen,0.7864550809675264
BLWA,15,temperature,-0.6422248046895515
BLWA,20,chla,-4.821746118696808
BLWA,20,oxygen,0.7617213888305888
BLWA,20,temperature,-0.6705824339523231
BLWA,25,chla,-4.609924521479031
BLWA,25,oxygen,0.7405815562957793
BLWA,25,temperature,-0.6946056191984623
BLWA,30,chla,-4.3770800408047466
BLWA,30,oxygen,0.7200592989912884
BLWA,30,temperature,-0.7244984363665211
CRAM,1,chla,-0.2722028508806708
CRAM,1,oxygen,0.586149930690679
CRAM,1,temperature,-2.214290206583956
CRAM,5,chla,-0.31398569060259723
CRAM,5,oxygen,0.5609402083154814
CRAM,5,temperature,-2.3076142476498824
CRAM,10,chla,-0.3336184115094835
CRAM,10,oxygen,0.5454508440098891
CRAM,10,temperature,-2.3963578185347276
CRAM,15,chla,-0.30014739930267637
CRAM,15,oxygen,0.543650338036345
CRAM,15,temperature,-2.4598855969985576
CRAM,20,chla,-0.21765231580302272
CRAM,20,oxygen,0.5464240594013463
CRAM,20,temperature,-2.5088712014337715
CRAM,25,chla,-0.10557387150928896
CRAM,25,oxygen,0.5527902326029437
CRAM,25,temperature,-2.5454398903562323
CRAM,30,chla,0.011680238680242238
CRAM,30,oxygen,0.5597733319558612
CRAM,30,temperature,-2.583387722950315
FLNT,1,chla,0.30147115365882793
FLNT,1,oxygen,-0.004040000401570474
FLNT,1,temperature,-0.6379830741273154
FLNT,5,chla,0.21720956547860187
FLNT,5,oxygen,-0.037181156390185835
FLNT,5,temperature,-0.6477177167432979
FLNT,10,chla,0.1391981160536206
FLNT,10,oxygen,-0.06258427060645647
FLNT,10,temperature,-0.6373923972039255
FLNT,15,chla,0.09975625127674258
FLNT,15,oxygen,-0.07429769068703278
FLNT,15,temperature,-0.6285685834557236
FLNT,20,chla,0.09118048636445047
FLNT,20,oxygen,-0.08143628479609501
FLNT,20,temperature,-0.6299168265114531
FLNT,25,chla,0.10103661516864311
FLNT,25,oxygen,-0.08498201859726676
FLNT,25,temperature,-0.6317933649887993
FLNT,30,chla,0.11357974264190902
FLNT,30,oxygen,-0.0879106504481472
FLNT,30,temperature,-0.6391081838207064
LIRO,1,chla,4.3419654047159995
LIRO,1,oxygen,-0.05385768042813778
LIRO,1,temperature,2.065133190975491
LIRO,5,chla,4.449938654190498
LIRO,5,oxygen,-0.07823574470932133
LIRO,5,temperature,1.9566238059361245
LIRO,10,chla,4.610424564272605
LIRO,10,oxygen,-0.09268519910907727
LIRO,10,temperature,1.8488982716551179
LIRO,15,chla,4.804484266240723
LIRO,15,oxygen,-0.0934451760257223
LIRO,15,temperature,1.7663875631694976
LIRO,20,chla,5.023179100957235
LIRO,20,oxygen,-0.08963034700622027
LIRO,20,temperature,1.698416696438554
LIRO,25,chla,5.256899565819862
LIRO,25,oxygen,-0.0822225734331985
LIRO,25,temperature,1.6428603125101842
LIRO,30,chla,5.4927465978325785
LIRO,30,oxygen,-0.07419761832315637
LIRO,30,temperature,1.5859235621005867
PRLA,1,chla,5.114500154542817
PRLA,1,oxygen,1.8541902323434172
PRLA,1,temperature,1.3636797330448713
PRLA,5,chla,4.321554651530557
PRLA,5,oxygen,1.7555152194564974
PRLA,5,temperature,1.1935375201065896
PRLA,10,chla,3.353335726469545
PRLA,10,oxygen,1.6563774151643371
PRLA,10,temperature,1.008770097598133
PRLA,15,chla,2.4164116842340815
PRLA,15,oxygen,1.5929273700386808
PRLA,15,temperature,0.8492170820818097
PRLA,20,chla,1.505251267291798
PRLA,20,oxygen,1.5653636349433904
PRLA,20,temperature,0.7042044191636758
PRLA,25,chla,0.6169496047340145
PRLA,25,oxygen,1.5549947098554233
PRLA,25,temperature,0.5716069280528213
PRLA,30,chla,-0.26285843479616283
PRLA,30,oxygen,1.548476507404073
PRLA,30,temperature,0.43762934237107415
PRPO,1,chla,22.53079748835545
PRPO,1,oxygen,0.9779683159272732
PRPO,1,temperature,0.40925402442813896
PRPO,5,chla,22.171322270617438
PRPO,5,oxygen,0.9187367612735253
PRPO,5,temperature,0.166175183920549
PRPO,10,chla,21.745381649590822
PRPO,10,oxygen,0.8607204868354463
PRPO,10,temperature,-0.10704870746034996
PRPO,15,chla,21.313644851716877
PRPO,15,oxygen,0.8163935681854155
PRPO,15,temperature,-0.3571329970655468
PRPO,20,chla,20.852601807179358
PRPO,20,oxygen,0.77664122421387
PRPO,20,temperature,-0.5531703490643757
PRPO,25,chla,20.37651730024392
PRPO,25,oxygen,0.7404816700218213
PRPO,25,temperature,-0.6760278973514147
PRPO,30,chla,19.89632025273846
PRPO,30,oxygen,0.7049392571610905
PRPO,30,temperature,-0.7651524155021004
SUGG,1,chla,0.3265492265477824
SUGG,1,oxygen,0.6031128306762832
SUGG,1,temperature,-0.3282032566136322
SUGG,5,chla,0.20956795848885892
SUGG,5,oxygen,0.5449009083153712
SUGG,5,temperature,-0.3632870662530208
SUGG,10,chla,0.09595100304224753
SUGG,10,oxygen,0.48815935050741494
SUGG,10,temperature,-0.38698879399859915
SUGG,15,chla,0.035475658224199486
SUGG,15,oxygen,0.4451077079938694
SUGG,15,temperature,-0.4067508260639711
SUGG,20,chla,0.024071287133816024
SUGG,20,oxygen,0.40663137254850096
SUGG,20,temperature,-0.43553337760030453
SUGG,25,chla,0.042278035408457294
SUGG,25,oxygen,0.37174831674174175
SUGG,25,temperature,-0.46541726141850237
SUGG,30,chla,0.06566605045351791
SUGG,30,oxygen,0.3374825116740142
SUGG,30,temperature,-0.5029770697139999
TOMB,1,chla,-16.58473304084637
TOMB,1,oxygen,-0.6122187630444227
TOMB,1,temperature,-0.29266771745519227
TOMB,5,chla,-16.219894672932018
TOMB,5,oxygen,-0.7600868702234791
TOMB,5,temperature,-0.3998745237997059
TOMB,10,chla,-15.731237353130773
TOMB,10,oxygen,-0.8772489563654067
TOMB,10,temperature,-0.5053191971014461
TOMB,15,chla,-15.189439110727507
TOMB,15,oxygen,-0.9177097854219145
TOMB,15,temperature,-0.5837015834161887
TOMB,20,chla,-14.598569945186537
TOMB,20,oxygen,-0.9384597670449145
TOMB,20,temperature,-0.644352889103938
TOMB,25,chla,-13.978088291573245
TOMB,25,oxygen,-0.9499234958161266
TOMB,25,temperature,-0.68963177139133
TOMB,30,chla,-13.352424433047995
TOMB,30,oxygen,-0.9606950905180746
TOMB,30,temperature,-0.7351112747835618
TOOK,1,chla,0.913204745599236
TOOK,1,oxygen,0.23780604468120115
TOOK,1,temperature,-7.114979144726789
TOOK,5,chla,0.8735287451295981
TOOK,5,oxygen,0.19803056352631648
TOOK,5,temperature,-7.397875594886908
TOOK,10,chla,0.8565394801383109
TOOK,10,oxygen,0.16433395204645024
TOOK,10,temperature,-7.723584357580234
TOOK,15,chla,0.8926832182850559
TOOK,15,oxygen,0.14432690858013744
TOOK,15,temperature,-8.02407425064152
TOOK,20,chla,0.9778886129800224
TOOK,20,oxygen,0.12889567145462982
TOOK,20,temperature,-8.310014932322753
TOOK,25,chla,1.0927000956499613
TOOK,25,oxygen,0.1170583875390427
TOOK,25,temperature,-8.58353312091425
TOOK,30,chla,1.2126918536431
TOOK,30,oxygen,0.10583868558034738
TOOK,30,temperature,-8.858428757306987
ABBY,1,gcc_90,9.827089381721468e-4
ABBY,1,le,5.656630192837514
ABBY,1,nee,0.02002132005774171
ABBY,1,rcc_90,0.001230828630141571
ABBY,5,gcc_90,5.572730823613183e-4
ABBY,5,le,4.372350367514138
ABBY,5,nee,-0.017080640410003088
ABBY,5,rcc_90,4.8820444889159827e-4
ABBY,10,gcc_90,4.5638872919937727e-4
ABBY,10,le,3.1525117997726455
ABBY,10,nee,-0.050897689948995094
ABBY,10,rcc_90,-1.257026382642662e-4
ABBY,15,gcc_90,3.656004511732731e-4
ABBY,15,le,2.3993049171128957
ABBY,15,nee,-0.06911531448310314
ABBY,15,rcc_90,-3.6115288444800203e-4
ABBY,20,gcc_90,1.4880297584310732e-4
ABBY,20,le,1.9506949281888597
ABBY,20,nee,-0.07856400008762543
ABBY,20,rcc_90,-4.2304294235198864e-4
ABBY,25,gcc_90,4.053470483751294e-5
ABBY,25,le,1.7365399534904824
ABBY,25,nee,-0.08328844112528108
ABBY,25,rcc_90,-2.8383094455075526e-4
ABBY,30,gcc_90,-3.931702883235705e-5
ABBY,30,le,1.6710295877914243
ABBY,30,nee,-0.08743611863158979
ABBY,30,rcc_90,-7.721568593881001e-5
BARR,1,gcc_90,-6.159316171997985e-4
BARR,1,le,-1.6878689218558112
BARR,1,nee,-0.06697594048974025
BARR,1,rcc_90,-0.011535191035195362
BARR,5,gcc_90,-0.0011692320766917253
BARR,5,le,-1.9744597374783197
BARR,5,nee,-0.08905871704603527
BARR,5,rcc_90,-0.012888729384607406
BARR,10,gcc_90,-0.001429956897795269
BARR,10,le,-2.078524394901554
BARR,10,nee,-0.10569332369562154
BARR,10,rcc_90,-0.0142648602158067
BARR,15,gcc_90,-0.0016806101471664055
BARR,15,le,-1.990866382263015
BARR,15,nee,-0.11137382591456843
BARR,15,rcc_90,-0.015259494152865623
BARR,20,gcc_90,-0.0020573005573700826
BARR,20,le,-1.859627336396059
BARR,20,nee,-0.11228380144479357
BARR,20,rcc_90,-0.016076842331314557
BARR,25,gcc_90,-0.002325480421587397
BARR,25,le,-1.6798333659042388
BARR,25,nee,-0.11020324990540706
BARR,25,rcc_90,-0.01669012899670389
BARR,30,gcc_90,-0.002565251048725075
BARR,30,le,-1.4527554286138304
BARR,30,nee,-0.1081118674976249
BARR,30,rcc_90,-0.017234858652806988
BART,1,gcc_90,-0.009312905322292361
BART,1,le,-0.28198939679891216
BART,1,nee,-0.28417841022779633
BART,1,rcc_90,-0.003908905971095865
BART,5,gcc_90,-0.009799807528759344
BART,5,le,-0.6887918679818332
BART,5,nee,-0.3312384197549513
BART,5,rcc_90,-0.0050512003711659465
BART,10,gcc_90,-0.009977506933647773
BART,10,le,-0.9430986206207747
BART,10,nee,-0.37909342845692323
BART,10,rcc_90,-0.006163280808693755
BART,15,gcc_90,-0.010145134206008976
BART,15,le,-1.0056425869573447
BART,15,nee,-0.4159931887765985
BART,15,rcc_90,-0.006893867720296339
BART,20,gcc_90,-0.010438828488505417
BART,20,le,-1.0245740368954948
BART,20,nee,-0.448121447630187
BART,20,rcc_90,-0.0074471623225877085
BART,25,gcc_90,-0.010624043654457576
BART,25,le,-0.9949339988035912
BART,25,nee,-0.4772581231440204
BART,25,rcc_90,-0.007796378564192906
BART,30,gcc_90,-0.010780866209693547
BART,30,le,-0.9180057449749189
BART,30,nee,-0.5063834774773216
BART,30,rcc_90,-0.008077026977572586
BLAN,1,gcc_90,-0.010334329728075409
BLAN,1,le,1.35259915557573
BLAN,1,nee,-0.07205536001106279
BLAN,1,rcc_90,-0.0019440021616655484
BLAN,5,gcc_90,-0.010612366263911823
BLAN,5,le,0.6657767421097549
BLAN,5,nee,-0.11942677026906072
BLAN,5,rcc_90,-0.0027543599075775683
BLAN,10,gcc_90,-0.010528878246193776
BLAN,10,le,0.06143489036415738
BLAN,10,nee,-0.1705193061084067
BLAN,10,rcc_90,-0.003461831655876891
BLAN,15,gcc_90,-0.010435385742509247
BLAN,15,le,-0.35116588238007457
BLAN,15,nee,-0.21415073582509536
BLAN,15,rcc_90,-0.0038085343893383104
BLAN,20,gcc_90,-0.01046821422233865
BLAN,20,le,-0.7201746844478525
BLAN,20,nee,-0.25652611490856214
BLAN,20,rcc_90,-0.003999576464810605
BLAN,25,gcc_90,-0.010392819320338422
BLAN,25,le,-1.0406224137965752
BLAN,25,nee,-0.29919249393609354
BLAN,25,rcc_90,-0.004000862481875286
BLAN,30,gcc_90,-0.01028915956726661
BLAN,30,le,-1.3137835844746049
BLAN,30,nee,-0.3435244196775276
BLAN,30,rcc_90,-0.003938575464575699
BONA,1,gcc_90,-8.468493356524502e-4
BONA,1,le,-0.37291922637683933
BONA,1,nee,-0.004301704636010734
BONA,1,rcc_90,-0.0024750964396925723
BONA,5,gcc_90,-0.001195951788430823
BONA,5,le,-0.9549173092850509
BONA,5,nee,-0.033779595573622624
BONA,5,rcc_90,-0.003164147666691553
BONA,10,gcc_90,-0.00120142756995964
BONA,10,le,-1.4282387875291918
BONA,10,nee,-0.059657226238615205
BONA,10,rcc_90,-0.0037096657259781387
BONA,15,gcc_90,-0.001196833565718681
BONA,15,le,-1.7098307247387512
BONA,15,nee,-0.07457968070362775
BONA,15,rcc_90,-0.003873661746464071
BONA,20,gcc_90,-0.0013182848258727516
BONA,20,le,-1.9478365211721183
BONA,20,nee,-0.08473050904652195
BONA,20,rcc_90,-0.003860322490135787
BONA,25,gcc_90,-0.001331235620549404
BONA,25,le,-2.1372845016434314
BONA,25,nee,-0.09188976704017873
BONA,25,rcc_90,-0.0036428729933032596
BONA,30,gcc_90,-0.0013157827421959392
BONA,30,le,-2.279448446404408
BONA,30,nee,-0.09903768977769695
BONA,30,rcc_90,-0.003356843390441925
CLBJ,1,gcc_90,-0.0030384841846404884
CLBJ,1,le,3.3320473807119315
CLBJ,1,nee,0.18552516115351544
CLBJ,1,rcc_90,0.0013684866312532234
CLBJ,5,gcc_90,-0.0035351417276010474
CLBJ,5,le,2.602187611747617
CLBJ,5,nee,0.14734939199198674
CLBJ,5,rcc_90,3.075467706325507e-4
CLBJ,10,gcc_90,-0.0037250513962311595
CLBJ,10,le,1.9437946737784702
CLBJ,10,nee,0.10879339798976766
CLBJ,10,rcc_90,-7.028325284797196e-4
CLBJ,15,gcc_90,-0.0039048747618069648
CLBJ,15,le,1.476673896540487
CLBJ,15,nee,0.07878633782512813
CLBJ,15,rcc_90,-0.0013316953607839237
CLBJ,20,gcc_90,-0.004210724384526352
CLBJ,20,le,1.0527695756508828
CLBJ,20,nee,0.05107696355323764
CLBJ,20,rcc_90,-0.0017832324577917184
CLBJ,25,gcc_90,-0.004408057144296905
CLBJ,25,le,0.6771920092456273
CLBJ,25,nee,0.023795300363285705
CLBJ,25,rcc_90,-0.002030668315933269
CLBJ,30,gcc_90,-0.004576978000663848
CLBJ,30,le,0.34876631290572774
CLBJ,30,nee,-0.0050231564076559055
CLBJ,30,rcc_90,-0.00220952923447924
CPER,1,gcc_90,-0.0018516058174421984
CPER,1,le,-0.7597260778167946
CPER,1,nee,0.05994043629647596
CPER,1,rcc_90,1.1906258293144414e-4
CPER,5,gcc_90,-0.0024274503578729256
CPER,5,le,-1.3434110194486164
CPER,5,nee,0.024391079620730928
CPER,5,rcc_90,-0.001131567524654889
CPER,10,gcc_90,-0.0027163352795126377
CPER,10,le,-1.8188343804199167
CPER,10,nee,-0.009075993589921977
CPER,10,rcc_90,-0.0023789503369936
CPER,15,gcc_90,-0.002995115326114083
CPER,15,le,-2.1025184979861304
CPER,15,nee,-0.03158838444058548
CPER,15,rcc_90,-0.00324463720334689
CPER,20,gcc_90,-0.0033999011973550384
CPER,20,le,-2.3426213539702343
CPER,20,nee,-0.049329916184905384
CPER,20,rcc_90,-0.003932827390876315
CPER,25,gcc_90,-0.0036961550466692566
CPER,25,le,-2.534187032612297
CPER,25,nee,-0.06408056022919896
CPER,25,rcc_90,-0.004416773442186062
CPER,30,gcc_90,-0.003963991408463091
CPER,30,le,-2.6784836271636325
CPER,30,nee,-0.07882024783171851
CPER,30,rcc_90,-0.00483207248718397
DCFS,1,gcc_90,-0.0044378231652170514
DCFS,1,le,-4.265789583191225
DCFS,1,nee,-0.019624787433039945
DCFS,1,rcc_90,-0.0020357412206751238
DCFS,5,gcc_90,-0.0049285393711686245
DCFS,5,le,-4.742953161777365
DCFS,5,nee,-0.044371929597486086
DCFS,5,rcc_90,-0.0029406175852194328
DCFS,10,gcc_90,-0.005111027191268897
DCFS,10,le,-5.085273475216966
DCFS,10,nee,-0.06868238465133321
DCFS,10,rcc_90,-0.0037559257339479448
DCFS,15,gcc_90,-0.005283434606749249
DCFS,15,le,-5.235983955906217
DCFS,15,nee,-0.08682205272276876
DCFS,15,rcc_90,-0.0041897424819320695
DCFS,20,gcc_90,-0.0055818731516639785
DCFS,20,le,-5.343276384465674
DCFS,20,nee,-0.10556528689310843
DCFS,20,rcc_90,-0.004446276064061231
DCFS,25,gcc_90,-0.005771798856499356
DCFS,25,le,-5.40213855481046
DCFS,25,nee,-0.1268670831007731
DCFS,25,rcc_90,-0.004498738025875745
DCFS,30,gcc_90,-0.005933314383969152
DCFS,30,le,-5.413770123796268
DCFS,30,nee,-0.15118070493302466
DCFS,30,rcc_90,-0.004482636979105501
DEJU,1,gcc_90,-8.67613095188705e-4
DEJU,1,le,0.9344345715456001
DEJU,1,nee,-0.04004020951746777
DEJU,1,rcc_90,-8.340208806426001e-5
DEJU,5,gcc_90,-0.001167352394472696
DEJU,5,le,0.3852867462865882
DEJU,5,nee,-0.06751947897082043
DEJU,5,rcc_90,-7.048737240108817e-4
DEJU,10,gcc_90,-0.0011111226700547055
DEJU,10,le,-0.046959008060402915
DEJU,10,nee,-0.09089930964298745
DEJU,10,rcc_90,-0.0011658999195941302
DEJU,15,gcc_90,-0.0010448152404980658
DEJU,15,le,-0.28745271684345763
DEJU,15,nee,-0.10332542657637772
DEJU,15,rcc_90,-0.0012453816945427725
DEJU,20,gcc_90,-0.0011045392215300767
DEJU,20,le,-0.4843421398556751
DEJU,20,nee,-0.11098188099147982
DEJU,20,rcc_90,-0.001147523282709117
DEJU,25,gcc_90,-0.001055749855344009
DEJU,25,le,-0.6326603063421163
DEJU,25,nee,-0.11564827076428559
DEJU,25,rcc_90,-8.455656099351791e-4
DEJU,30,gcc_90,-9.785516033131345e-4
DEJU,30,le,-0.7336866364919006
DEJU,30,nee,-0.12030390752812904
DEJU,30,rcc_90,-4.7503763282778186e-4
DELA,1,gcc_90,-0.004545204728248273
DELA,1,le,-1.0390946818927704
DELA,1,nee,-0.1512009047259777
DELA,1,rcc_90,-0.002398654752120006
DELA,5,gcc_90,-0.005085977887050939
DELA,5,le,-1.9761171014008405
DELA,5,nee,-0.20127909260018556
DELA,5,rcc_90,-0.003190673805596175
DELA,10,gcc_90,-0.005331024765829494
DELA,10,le,-2.8931903135226715
DELA,10,nee,-0.25290836445222864
DELA,10,rcc_90,-0.0039145251757447645
DELA,15,gcc_90,-0.005565971679625569
DELA,15,le,-3.6184859801837916
DELA,15,nee,-0.29358432172649435
DELA,15,rcc_90,-0.004352103725905644
DELA,20,gcc_90,-0.005926930274534431
DELA,20,le,-4.3001605979559585
DELA,20,nee,-0.3294903784931778
DELA,20,rcc_90,-0.004721746599199337
DELA,25,gcc_90,-0.006179361182241472
DELA,25,le,-4.933263444863014
DELA,25,nee,-0.36240602974268465
DELA,25,rcc_90,-0.004970857421402873
DELA,30,gcc_90,-0.006403375206515156
DELA,30,le,-5.519079616900169
DELA,30,nee,-0.3953109195378798
DELA,30,rcc_90,-0.0051840345903575785
DSNY,1,gcc_90,-9.461623948729913e-4
DSNY,1,le,1.0886354930085946
DSNY,1,nee,0.16350991420515534
DSNY,1,rcc_90,-7.545403303556375e-4
DSNY,5,gcc_90,-0.0015111807711893222
DSNY,5,le,0.7278858442963473
DSNY,5,nee,0.1517834833353297
DSNY,5,rcc_90,-0.0013717313405490195
DSNY,10,gcc_90,-0.0017865508341703702
DSNY,10,le,0.5311359426269852
DSNY,10,nee,0.1480953866982915
DSNY,10,rcc_90,-0.0018593921444080377
DSNY,15,gcc_90,-0.0020518520825732744
DSNY,15,le,0.5261338341386709
DSNY,15,nee,0.1553627233306667
DSNY,15,rcc_90,-0.002032741385994147
DSNY,20,gcc_90,-0.0024432047111428764
DSNY,20,le,0.5647308392126342
DSNY,20,nee,0.16740214274224455
DSNY,20,rcc_90,-0.0021139899625746846
DSNY,25,gcc_90,-0.0027260541880454806
DSNY,25,le,0.6518997355815346
DSNY,25,nee,0.18243371487581633
DSNY,25,rcc_90,-0.002051023130209115
DSNY,30,gcc_90,-0.002980495985605901
DSNY,30,le,0.7863628730732716
DSNY,30,nee,0.19747696902088294
DSNY,30,rcc_90,-0.0019402256067575345
GRSM,1,gcc_90,-0.012021223489986037
GRSM,1,le,-2.6961927779713997
GRSM,1,nee,-0.39459556770836857
GRSM,1,rcc_90,-0.004218192489437006
GRSM,5,gcc_90,-0.012222347008260297
GRSM,5,le,-3.3573105362383506
GRSM,5,nee,-0.4381261049916509
GRSM,5,rcc_90,-0.005336486996117921
GRSM,10,gcc_90,-0.012089636516347963
GRSM,10,le,-3.929537771245896
GRSM,10,nee,-0.4832275839663885
GRSM,10,rcc_90,-0.0064185637954591234
GRSM,15,gcc_90,-0.0120523791374378
GRSM,15,le,-4.310055198258859
GRSM,15,nee,-0.5196029877043326
GRSM,15,rcc_90,-0.007119137193762851
GRSM,20,gcc_90,-0.012264635818099053
GRSM,20,le,-4.647010004536417
GRSM,20,nee,-0.5552122510280433
GRSM,20,rcc_90,-0.007642406039156655
GRSM,25,gcc_90,-0.012464569280688212
GRSM,25,le,-4.935426825753247
GRSM,25,nee,-0.592520050353657
GRSM,25,rcc_90,-0.007961586575245939
GRSM,30,gcc_90,-0.012678188267052056
GRSM,30,le,-5.176569480388735
GRSM,30,nee,-0.6322163427185734
GRSM,30,rcc_90,-0.008212195476978547
GUAN,1,gcc_90,0.004517075481810446
GUAN,1,le,5.511074772012265
GUAN,1,nee,0.7423213907687227
GUAN,1,rcc_90,0.007549277956372356
GUAN,5,gcc_90,0.004167839440198198
GUAN,5,le,4.967811034122878
GUAN,5,nee,0.7361679782047605
GUAN,5,rcc_90,0.0070353016819449665
GUAN,10,gcc_90,0.004162201151073535
GUAN,10,le,4.542903470220241
GUAN,10,nee,0.7233087804570896
GUAN,10,rcc_90,0.00664730147602427
GUAN,15,gcc_90,0.004166647445376293
GUAN,15,le,4.3097172301294115
GUAN,15,nee,0.7236786816182416
GUAN,15,rcc_90,0.006509986323301919
GUAN,20,gcc_90,0.0040450693214823035
GUAN,20,le,4.120097598472194
GUAN,20,nee,0.7272937971876486
GUAN,20,rcc_90,0.006397719479472436
GUAN,25,gcc_90,0.004032008008716429
GUAN,25,le,3.9789799172648004
GUAN,25,nee,0.70108668708051
GUAN,25,rcc_90,0.00638475083478598
GUAN,30,gcc_90,0.004047357708315307
GUAN,30,le,3.8851060744122847
GUAN,30,nee,0.6468891932434272
GUAN,30,rcc_90,0.00640722139290329
HARV,1,gcc_90,-0.006728383992803816
HARV,1,le,-2.6157147803260448
HARV,1,nee,-0.5186397927792906
HARV,1,rcc_90,-0.002922339618061062
HARV,5,gcc_90,-0.007351015579530098
HARV,5,le,-2.987225075282028
HARV,5,nee,-0.5499730917215089
HARV,5,rcc_90,-0.0044576820066978655
HARV,10,gcc_90,-0.007698396745660086
HARV,10,le,-3.1974454834732087
HARV,10,nee,-0.578170243374397
HARV,10,rcc_90,-0.006042221367775658
HARV,15,gcc_90,-0.008035710248058943
HARV,15,le,-3.2159664235310683
HARV,15,nee,-0.5954130691561077
HARV,15,rcc_90,-0.007194102834882945
HARV,20,gcc_90,-0.008499068697490089
HARV,20,le,-3.1909281211103795
HARV,20,nee,-0.6078853516093133
HARV,20,rcc_90,-0.008093372471815975
HARV,25,gcc_90,-0.008853918752698326
HARV,25,le,-3.1173469364343545
HARV,25,nee,-0.6173668878076974
HARV,25,rcc_90,-0.008717393331075391
HARV,30,gcc_90,-0.009180359339463182
HARV,30,le,-2.9964915202309257
HARV,30,nee,-0.6268373608822496
HARV,30,rcc_90,-0.009236385550014489
HEAL,1,gcc_90,-0.003063813365705448
HEAL,1,le,-0.07317787639930624
HEAL,1,nee,-0.08412739348453696
HEAL,1,rcc_90,-0.008307297167843203
HEAL,5,gcc_90,-0.003723715966666058
HEAL,5,le,-0.6044984009491701
HEAL,5,nee,-0.11463840886764722
HEAL,5,rcc_90,-0.009887256103810351
HEAL,10,gcc_90,-0.0041176430242339844
HEAL,10,le,-1.0144959118411345
HEAL,10,nee,-0.14180885477142344
HEAL,10,rcc_90,-0.011599226226772603
HEAL,15,gcc_90,-0.004501421128228869
HEAL,15,le,-1.2327975106067302
HEAL,15,nee,-0.1580262613456603
HEAL,15,rcc_90,-0.013041149565811932
HEAL,20,gcc_90,-0.005011171253692846
HEAL,20,le,-1.4075375829613437
HEAL,20,nee,-0.1694742259279864
HEAL,20,rcc_90,-0.014454359165531993
HEAL,25,gcc_90,-0.005412361983382392
HEAL,25,le,-1.533738971476734
HEAL,25,nee,-0.17793226193757436
HEAL,25,rcc_90,-0.015735390038941456
HEAL,30,gcc_90,-0.005785123432961011
HEAL,30,le,-1.6126679736688392
HEAL,30,nee,-0.18637963742603578
HEAL,30,rcc_90,-0.016960909116520533
JERC,1,gcc_90,0.0032677536799529117
JERC,1,le,0.12469340136498686
JERC,1,nee,-0.0057372861034172135
JERC,1,rcc_90,0.0015496606150319722
JERC,5,gcc_90,0.0029047489587633786
JERC,5,le,-0.3089579457561697
JERC,5,nee,-0.043770250561506276
JERC,5,rcc_90,8.495127730554254e-4
JERC,10,gcc_90,0.002881894681089919
JERC,10,le,-0.5968254346814587
JERC,10,nee,-0.08034150990982865
JERC,10,rcc_90,2.90102241586472e-4
JERC,15,gcc_90,0.0028691152595476488
JERC,15,le,-0.6929403434844037
JERC,15,nee,-0.10595769539122937
JERC,15,rcc_90,1.121545318166283e-4
JERC,20,gcc_90,0.00273030469932015
JERC,20,le,-0.7454655383759725
JERC,20,nee,-0.12680248799912172
JERC,20,rcc_90,1.114613761995141e-4
JERC,25,gcc_90,0.0027000090727280963
JERC,25,le,-0.7494426162692445
JERC,25,nee,-0.14465564652197074
JERC,25,rcc_90,3.1481496278640075e-4
JERC,30,gcc_90,0.002698124367637574
JERC,30,le,-0.7061414518098956
JERC,30,nee,-0.16249735499553555
JERC,30,rcc_90,5.86723936705614e-4
JORN,1,gcc_90,5.619112642073481e-4
JORN,1,le,3.258185087683172
JORN,1,nee,0.09772804303274228
JORN,1,rcc_90,2.0551704290731123e-4
JORN,5,gcc_90,3.2081352548777453e-4
JORN,5,le,2.793562162703064
JORN,5,nee,0.08137259545035595
JORN,5,rcc_90,-1.2747558464547162e-4
JORN,10,gcc_90,4.5035062337673e-4
JORN,10,le,2.4669795949224396
JORN,10,nee,0.07189776355160418
JORN,10,rcc_90,-3.05171909569745e-4
JORN,15,gcc_90,5.89974508921243e-4
JORN,15,le,2.332158594837224
JORN,15,nee,0.07337738289406423
JORN,15,rcc_90,-2.569119562453611e-4
JORN,20,gcc_90,6.03575207028539e-4
JORN,20,le,2.240945232348387
JORN,20,nee,0.07962774844907966
JORN,20,rcc_90,-2.0567905473724561e-4
JORN,25,gcc_90,7.256934036465501e-4
JORN,25,le,2.1982991544977946
JORN,25,nee,0.0888690899487363
JORN,25,rcc_90,-5.759869589265701e-5
JORN,30,gcc_90,8.762225825437036e-4
JORN,30,le,2.2029422830934586
JORN,30,nee,0.09812156807473696
JORN,30,rcc_90,1.3037541587651593e-4
KONA,1,gcc_90,0.004075342603654151
KONA,1,le,2.804361058084039
KONA,1,nee,-0.05708491084613822
KONA,1,rcc_90,0.004693398010209823
KONA,5,gcc_90,0.0033696329201162584
KONA,5,le,2.039334662126927
KONA,5,nee,-0.11937143875130546
KONA,5,rcc_90,0.003487939792567788
KONA,10,gcc_90,0.0029184032616537516
KONA,10,le,1.3372251527592618
KONA,10,nee,-0.18627358348921144
KONA,10,rcc_90,0.002296942222362252
KONA,15,gcc_90,0.0024772617025281703
KONA,15,le,0.8268363043526633
KONA,15,nee,-0.2422402694940284
KONA,15,rcc_90,0.0014875087176544515
KONA,20,gcc_90,0.0019101020417705615
KONA,20,le,0.36001641970244896
KONA,20,nee,-0.29346315345096496
KONA,20,rcc_90,8.554386088031225e-4
KONA,25,gcc_90,0.001451464491658338
KONA,25,le,-0.05826761432730348
KONA,25,nee,-0.3417241056169167
KONA,25,rcc_90,4.2748450790951176e-4
KONA,30,gcc_90,0.0010212396937642231
KONA,30,le,-0.4292796115581236
KONA,30,nee,-0.3899880587890906
KONA,30,rcc_90,6.810472034647225e-5
KONZ,1,gcc_90,-5.500758152684769e-4
KONZ,1,le,-1.8418955824874386
KONZ,1,nee,-0.11360726062743863
KONZ,1,rcc_90,0.0057711928386395845
KONZ,5,gcc_90,-9.348108808247536e-4
KONZ,5,le,-2.4855077414059195
KONZ,5,nee,-0.15450542406031512
KONZ,5,rcc_90,0.005047549325546489
KONZ,10,gcc_90,-9.84833807811657e-4
KONZ,10,le,-3.035867034736997
KONZ,10,nee,-0.1946597089015403
KONZ,10,rcc_90,0.004443208828352639
KONZ,15,gcc_90,-0.0010248063684556929
KONZ,15,le,-3.394535829978888
KONZ,15,nee,-0.22386084518581972
KONZ,15,rcc_90,0.004187617422813103
KONZ,20,gcc_90,-0.0011908505325588098
KONZ,20,le,-3.709662308234337
KONZ,20,nee,-0.2482925075248664
KONZ,20,rcc_90,0.004071329686327991
KONZ,25,gcc_90,-0.001248409884089839
KONZ,25,le,-3.9762477568842196
KONZ,25,nee,-0.26973422724228907
KONZ,25,rcc_90,0.004129579128883325
KONZ,30,gcc_90,-0.0012775708467133383
KONZ,30,le,-4.19555036450658
KONZ,30,nee,-0.29116524832080515
KONZ,30,rcc_90,0.00424419114220816
LAJA,1,gcc_90,0.002135810704007118
LAJA,1,le,7.606513575647326
LAJA,1,nee,-0.00869238101229375
LAJA,1,rcc_90,0.0016469777154428508
LAJA,5,gcc_90,8.742682970826944e-4
LAJA,5,le,7.043762533066496
LAJA,5,nee,-0.1497719687390279
LAJA,5,rcc_90,5.679235728792639e-4
LAJA,10,gcc_90,-1.879633963300884e-4
LAJA,10,le,6.594515805904043
LAJA,10,nee,-0.26779215606117224
LAJA,10,rcc_90,-4.650914929706179e-4
LAJA,15,gcc_90,-0.0010055112068605922
LAJA,15,le,6.337025110613941
LAJA,15,nee,-0.33695932643653687
LAJA,15,rcc_90,-0.0011165733470502185
LAJA,20,gcc_90,-0.0016231947084313974
LAJA,20,le,6.123157897313004
LAJA,20,nee,-0.35743644871676794
LAJA,20,rcc_90,-0.0015907029629243098
LAJA,25,gcc_90,-0.0019183742865414625
LAJA,25,le,5.957885166306706
LAJA,25,nee,-0.30777452705770786
LAJA,25,rcc_90,-0.001860703979280863
LAJA,30,gcc_90,-0.0020854629003216143
LAJA,30,le,5.839916426836546
LAJA,30,nee,-0.2135711693439167
LAJA,30,rcc_90,-0.0020621154089864
LENO,1,gcc_90,-0.0041737200682759636
LENO,1,le,5.35181183818244
LENO,1,nee,0.5213107935501584
LENO,1,rcc_90,-0.0031324396901314298
LENO,5,gcc_90,-0.004600054855659906
LENO,5,le,7.116905410301371
LENO,5,nee,0.6820704110788128
LENO,5,rcc_90,-0.003703749093836358
LENO,10,gcc_90,-0.004702067243435717
LENO,10,le,9.577438123730474
LENO,10,nee,0.8939889453059925
LENO,10,rcc_90,-0.0041595014837142175
LENO,15,gcc_90,-0.004794007226398557
LENO,15,le,12.229675785503238
LENO,15,nee,1.1168631002190808
LENO,15,rcc_90,-0.004387168793536599
LENO,20,gcc_90,-0.005011993919978997
LENO,20,le,14.925482692699465
LENO,20,nee,1.344509577278864
LENO,20,rcc_90,-0.004642531049299472
LENO,25,gcc_90,-0.0051214759923884304
LENO,25,le,17.66982498902896
LENO,25,nee,1.575147214146752
LENO,25,rcc_90,-0.004837452532788566
LENO,30,gcc_90,-0.005202550385908191
LENO,30,le,20.461427326310268
LENO,30,nee,1.8057954004078034
LENO,30,rcc_90,-0.005014107236818081
MLBS,1,gcc_90,-0.005502606118714293
MLBS,1,le,-0.5273156098045282
MLBS,1,nee,-0.30315915116868414
MLBS,1,rcc_90,-0.0017787616665515624
MLBS,5,gcc_90,-0.0058975999255721865
MLBS,5,le,-0.9065493073868914
MLBS,5,nee,-0.3462323487747626
MLBS,5,rcc_90,-0.0027754858345653733
MLBS,10,gcc_90,-0.005987745507970777
MLBS,10,le,-1.1529265906710164
MLBS,10,nee,-0.38910509834091556
MLBS,10,rcc_90,-0.0037055752065659813
MLBS,15,gcc_90,-0.00613271647593997
MLBS,15,le,-1.2615043889624835
MLBS,15,nee,-0.42102450220594967
MLBS,15,rcc_90,-0.004254117405858286
MLBS,20,gcc_90,-0.0064679411480828
MLBS,20,le,-1.3746121871079742
MLBS,20,nee,-0.44817485409740754
MLBS,20,rcc_90,-0.0046253089585238
MLBS,25,gcc_90,-0.00673655495151398
MLBS,25,le,-1.4771365095104159
MLBS,25,nee,-0.47233660079229994
MLBS,25,rcc_90,-0.004792380519553812
MLBS,30,gcc_90,-0.0069975882047374075
MLBS,30,le,-1.5523561620972608
MLBS,30,nee,-0.49648871775033065
MLBS,30,rcc_90,-0.004890868982508483
MOAB,1,gcc_90,0.0014092533224250713
MOAB,1,le,2.9006529774570393
MOAB,1,nee,0.11820934127393214
MOAB,1,rcc_90,0.009925635788166803
MOAB,5,gcc_90,9.141392219612667e-4
MOAB,5,le,2.463256920985996
MOAB,5,nee,0.09518002046212812
MOAB,5,rcc_90,0.007987205189082221
MOAB,10,gcc_90,7.261667300870374e-4
MOAB,10,le,2.1706871483542436
MOAB,10,nee,0.07736236328394806
MOAB,10,rcc_90,0.006110165092975233
MOAB,15,gcc_90,5.483127212378935e-4
MOAB,15,le,2.0698430240585934
MOAB,15,nee,0.07049844610151462
MOAB,15,rcc_90,0.005091372798947866
MOAB,20,gcc_90,2.444763843500705e-4
MOAB,20,le,2.012580081910184
MOAB,20,nee,0.06840451966502946
MOAB,20,rcc_90,0.004671888403775937
MOAB,25,gcc_90,4.9188070223662596e-5
MOAB,25,le,2.00387053768723
MOAB,25,nee,0.06930096538536099
MOAB,25,rcc_90,0.00462172297829541
MOAB,30,gcc_90,-1.1767747747678339e-4
MOAB,30,le,2.042443727386967
MOAB,30,nee,0.0702082901676743
MOAB,30,rcc_90,0.004639811864161047
NIWO,1,gcc_90,-0.0010727266589106452
NIWO,1,le,3.0763291769044345
NIWO,1,nee,-0.0670235383589873
NIWO,1,rcc_90,-0.006280419858701918
NIWO,5,gcc_90,-0.0014925764991928223
NIWO,5,le,2.1568777972674846
NIWO,5,nee,-0.08751583343788058
NIWO,5,rcc_90,-0.007535875615204544
NIWO,10,gcc_90,-0.001586487279241113
NIWO,10,le,1.2617688778979086
NIWO,10,nee,-0.10216456613244282
NIWO,10,rcc_90,-0.008789392220866254
NIWO,15,gcc_90,-0.0016703245389013024
NIWO,15,le,0.5584623687482136
NIWO,15,nee,-0.10586230612590852
NIWO,15,rcc_90,-0.009661408302358978
NIWO,20,gcc_90,-0.0018801980136088203
NIWO,20,le,-0.10114832251319993
NIWO,20,nee,-0.10479306049256738
NIWO,20,rcc_90,-0.010356158052185592
NIWO,25,gcc_90,-0.0019815613423227532
NIWO,25,le,-0.7121131969534328
NIWO,25,nee,-0.10073665607579343
NIWO,25,rcc_90,-0.010846849544244254
NIWO,30,gcc_90,-0.002054515883919088
NIWO,30,le,-1.2757587293908623
NIWO,30,nee,-0.09667111537129636
NIWO,30,rcc_90,-0.011268981872805036
NOGP,1,gcc_90,-0.003782290814439138
NOGP,1,le,-1.5991921832511178
NOGP,1,nee,0.08752803326821125
NOGP,1,rcc_90,0.003950501023215529
NOGP,5,gcc_90,-0.004311604709469862
NOGP,5,le,-2.244290568970888
NOGP,5,nee,0.05902229419391185
NOGP,5,rcc_90,0.00228739048137577
NOGP,10,gcc_90,-0.004542259363880717
NOGP,10,le,-2.7964642240545103
NOGP,10,nee,0.03436011003070906
NOGP,10,rcc_90,5.396050937798029e-4
NOGP,15,gcc_90,-0.004762691675208497
NOGP,15,le,-3.156867902943269
NOGP,15,nee,0.020653180547738993
NOGP,15,rcc_90,-7.049858673245961e-4
NOGP,20,gcc_90,-0.005109015189414194
NOGP,20,le,-3.473652297184771
NOGP,20,nee,0.011717934535088726
NOGP,20,rcc_90,-0.0015568237649424734
NOGP,25,gcc_90,-0.005346742643262338
NOGP,25,le,-3.7418602181712504
NOGP,25,nee,0.005774561316618266
NOGP,25,rcc_90,-0.002015930251891718
NOGP,30,gcc_90,-0.005556034325192371
NOGP,30,le,-3.9627767497503084
NOGP,30,nee,-1.572422274108953e-4
NOGP,30,rcc_90,-0.002315352226085351
OAES,1,gcc_90,-0.0012846788125477902
OAES,1,le,-2.0554664781639
OAES,1,nee,0.01686264858892004
OAES,1,rcc_90,9.150816329422164e-4
OAES,5,gcc_90,-0.0017827618553304457
OAES,5,le,-2.658694711487227
OAES,5,nee,-0.0053994129993246084
OAES,5,rcc_90,2.0075852344484657e-4
OAES,10,gcc_90,-0.0019744628726096926
OAES,10,le,-3.1585740318462623
OAES,10,nee,-0.022257216898329477
OAES,10,rcc_90,-4.302118335351828e-4
OAES,15,gcc_90,-0.0021560890393081586
OAES,15,le,-3.466792620430806
OAES,15,nee,-0.028160069331982025
OAES,15,rcc_90,-7.894460203219527e-4
OAES,20,gcc_90,-0.0024637520971127697
OAES,20,le,-3.7314973271549023
OAES,20,nee,-0.02929162978259481
OAES,20,rcc_90,-0.0010943451884713466
OAES,25,gcc_90,-0.00266291014208447
OAES,25,le,-3.947676326238587
OAES,25,nee,-0.027431807193671158
OAES,25,rcc_90,-0.0012915918156561174
OAES,30,gcc_90,-0.002833664047471981
OAES,30,le,-4.11657080393294
OAES,30,nee,-0.025560743397784413
OAES,30,rcc_90,-0.0014595466619315748
ONAQ,1,gcc_90,0.0010280598710969433
ONAQ,1,le,1.8154574432900894
ONAQ,1,nee,0.11124836656030726
ONAQ,1,rcc_90,0.00406621788890899
ONAQ,5,gcc_90,6.743566470939849e-4
ONAQ,5,le,1.1944806898305986
ONAQ,5,nee,0.08701576216303172
ONAQ,5,rcc_90,0.0033048886290050223
ONAQ,10,gcc_90,6.631368546694653e-4
ONAQ,10,le,0.6724462711092613
ONAQ,10,nee,0.06769460033507417
ONAQ,10,rcc_90,0.002669216415203571
ONAQ,15,gcc_90,6.620055797570657e-4
ONAQ,15,le,0.3421581169479106
ONAQ,15,nee,0.059328121486128885
ONAQ,15,rcc_90,0.0024153763363053762
ONAQ,20,gcc_90,5.348570036809956e-4
ONAQ,20,le,0.055469069054005976
ONAQ,20,nee,0.055732835619057695
ONAQ,20,rcc_90,0.0023391540533454396
ONAQ,25,gcc_90,5.162325093721942e-4
ONAQ,25,le,-0.18265511815794172
ONAQ,25,nee,0.05512904496610265
ONAQ,25,rcc_90,0.002467224399829683
ONAQ,30,gcc_90,5.260219019976912e-4
ONAQ,30,le,-0.37349244881283483
ONAQ,30,nee,0.05453664258573936
ONAQ,30,rcc_90,0.002663941252289871
ORNL,1,gcc_90,-0.009993148774445054
ORNL,1,le,-0.7527279588062906
ORNL,1,nee,-0.313573914027501
ORNL,1,rcc_90,-0.0035778793420673735
ORNL,5,gcc_90,-0.010464107907014998
ORNL,5,le,-1.2446772554525598
ORNL,5,nee,-0.35328312396569317
ORNL,5,rcc_90,-0.004546325837420347
ORNL,10,gcc_90,-0.010621893868303995
ORNL,10,le,-1.6694202654063857
ORNL,10,nee,-0.3919498838082701
ORNL,10,rcc_90,-0.005441127130164822
ORNL,15,gcc_90,-0.010769596962247526
ORNL,15,le,-2.0302780653068364
ORNL,15,nee,-0.4196619035716649
ORNL,15,rcc_90,-0.0059544896927243565
ORNL,20,gcc_90,-0.011043331450040357
ORNL,20,le,-2.4520202889970997
ORNL,20,nee,-0.4426034109945148
ORNL,20,rcc_90,-0.006290621374263878
ORNL,25,gcc_90,-0.011208553026962243
ORNL,25,le,-2.894975847414534
ORNL,25,nee,-0.4625543423887009
ORNL,25,rcc_90,-0.006422726007263307
ORNL,30,gcc_90,-0.011345363843020215
ORNL,30,le,-3.339539716327817
ORNL,30,nee,-0.48249455204999353
ORNL,30,rcc_90,-0.00648628623919531
OSBS,1,gcc_90,0.001206610805758025
OSBS,1,le,2.2936646852532245
OSBS,1,nee,0.10766085695143476
OSBS,1,rcc_90,0.0010180850046399626
OSBS,5,gcc_90,9.229787125490387e-4
OSBS,5,le,1.7451455985271696
OSBS,5,nee,0.08061415111383892
OSBS,5,rcc_90,4.395332979224429e-4
OSBS,10,gcc_90,9.993411398154979e-4
OSBS,10,le,1.3136698821703863
OSBS,10,nee,0.05777520373623881
OSBS,10,rcc_90,2.9465999563111213e-5
OSBS,15,gcc_90,0.0010857791754389813
OSBS,15,le,1.0739071827766316
OSBS,15,nee,0.045891045646765376
OSBS,15,rcc_90,-4.996787469556925e-6
OSBS,20,gcc_90,0.0010461836318754335
OSBS,20,le,0.8777117035855689
OSBS,20,nee,0.03877813997942291
OSBS,20,rcc_90,1.307672464777791e-4
OSBS,25,gcc_90,0.001115100481960554
OSBS,25,le,0.7300642204358638
OSBS,25,nee,0.03465652808131674
OSBS,25,rcc_90,4.6541393410547523e-4
OSBS,30,gcc_90,0.0012124263011031172
OSBS,30,le,0.6296999393992947
OSBS,30,nee,0.030546067954430624
OSBS,30,rcc_90,8.66747005282632e-4
PUUM,1,gcc_90,8.63536458464537e-4
PUUM,1,le,-4.10410004305214
PUUM,1,nee,0.015806378675197543
PUUM,1,rcc_90,6.65272892119585e-4
PUUM,5,gcc_90,5.530056087774828e-4
PUUM,5,le,-4.148612136555625
PUUM,5,nee,-0.007343111568320683
PUUM,5,rcc_90,1.9615845750863226e-4
PUUM,10,gcc_90,5.957446408842696e-4
PUUM,10,le,-3.950049736752687
PUUM,10,nee,-0.02530988390434348
PUUM,10,rcc_90,-1.42117664780039e-4
PUUM,15,gcc_90,6.485613728052038e-4
PUUM,15,le,-3.5596981618155605
PUUM,15,nee,-0.032320869244553206
PUUM,15,rcc_90,-2.2909940688094058e-4
PUUM,20,gcc_90,5.753506239265275e-4
PUUM,20,le,-3.1256849900326653
PUUM,20,nee,-0.03455960824159399
PUUM,20,rcc_90,-2.734438210542139e-4
PUUM,25,gcc_90,6.106587419532999e-4
PUUM,25,le,-2.643052025462963
PUUM,25,nee,-0.03380633710384768
PUUM,25,rcc_90,-2.0232639521256378e-4
PUUM,30,gcc_90,6.743797279415325e-4
PUUM,30,le,-2.113103463119949
PUUM,30,nee,-0.0330416059925466
PUUM,30,rcc_90,-9.030863514172435e-5
RMNP,1,gcc_90,-8.407899053147488e-4
RMNP,1,le,-0.6113883157090539
RMNP,1,nee,-1.4867166908808866e-4
RMNP,1,rcc_90,-0.0014458862434559
RMNP,5,gcc_90,-0.0012327481110744368
RMNP,5,le,-0.9980889066485974
RMNP,5,nee,-0.019619891061669524
RMNP,5,rcc_90,-0.002292696594470937
RMNP,10,gcc_90,-0.0012917843766390889
RMNP,10,le,-1.2273161363814367
RMNP,10,nee,-0.03299843232226019
RMNP,10,rcc_90,-0.0030353661507844113
RMNP,15,gcc_90,-0.0013407240132461082
RMNP,15,le,-1.2648664097214333
RMNP,15,nee,-0.03543531703640016
RMNP,15,rcc_90,-0.003396432909406203
RMNP,20,gcc_90,-0.0015156676249387247
RMNP,20,le,-1.258880857574929
RMNP,20,nee,-0.03311464600043184
RMNP,20,rcc_90,-0.003580109032722054
RMNP,25,gcc_90,-0.001582075756527569
RMNP,25,le,-1.2043811208463717
RMNP,25,nee,-0.027814547474684488
RMNP,25,rcc_90,-0.0035596573729045375
RMNP,30,gcc_90,-0.0016200660649791092
RMNP,30,le,-1.102620894026888
RMNP,30,nee,-0.022508869715489967
RMNP,30,rcc_90,-0.003470626023165175
SCBI,1,gcc_90,-0.011701900302678975
SCBI,1,le,2.7599429882584867
SCBI,1,nee,-0.6005147418921615
SCBI,1,rcc_90,-0.0015336631765732543
SCBI,5,gcc_90,-0.012138834974958485
SCBI,5,le,2.0219637019313432
SCBI,5,nee,-0.6440471133519461
SCBI,5,rcc_90,-0.0025386185159774304
SCBI,10,gcc_90,-0.012252314075434428
SCBI,10,le,1.3536598700123064
SCBI,10,nee,-0.6874928904139795
SCBI,10,rcc_90,-0.00347902539341926
SCBI,15,gcc_90,-0.012360210876377443
SCBI,15,le,0.8770752800054692
SCBI,15,nee,-0.7199838009022467
SCBI,15,rcc_90,-0.004037933415410177
SCBI,20,gcc_90,-0.01260323809189727
SCBI,20,le,0.44408163092643294
SCBI,20,nee,-0.7477030699143037
SCBI,20,rcc_90,-0.004419531574868179
SCBI,25,gcc_90,-0.012745870706858118
SCBI,25,le,0.059660751199627965
SCBI,25,nee,-0.7724300035575089
SCBI,25,rcc_90,-0.004597034069810582
SCBI,30,gcc_90,-0.012864130772938348
SCBI,30,le,-0.27746262274244854
SCBI,30,nee,-0.7971449204429687
SCBI,30,rcc_90,-0.004705960878768643
SERC,1,gcc_90,-0.010674930511343305
SERC,1,le,-2.2304685487446707
SERC,1,nee,-0.35843858934416
SERC,1,rcc_90,-0.0032812996114787705
SERC,5,gcc_90,-0.010879804308511558
SERC,5,le,-2.80752109424754
SERC,5,nee,-0.3611997663232538
SERC,5,rcc_90,-0.004279335256538933
SERC,10,gcc_90,-0.010748349749725043
SERC,10,le,-3.3095189059636176
SERC,10,nee,-0.37155400663455906
SERC,10,rcc_90,-0.0052112525713898065
SERC,15,gcc_90,-0.010750676747233437
SERC,15,le,-3.70087626422905
SERC,15,nee,-0.3978082528042052
SERC,15,rcc_90,-0.005761981244658671
SERC,20,gcc_90,-0.011111444764643224
SERC,20,le,-4.144495809729173
SERC,20,nee,-0.4447103615719834
SERC,20,rcc_90,-0.006135736652311685
SERC,25,gcc_90,-0.011505091361619809
SERC,25,le,-4.607595179533654
SERC,25,nee,-0.5025988087576361
SERC,25,rcc_90,-0.006305610245962934
SERC,30,gcc_90,-0.011928911154285193
SERC,30,le,-5.050565423727366
SERC,30,nee,-0.5655960257546327
SERC,30,rcc_90,-0.0064069681069346554
SJER,1,gcc_90,1.0356292039247522e-4
SJER,1,le,0.9703189932862473
SJER,1,nee,0.237780367331985
SJER,1,rcc_90,0.0026214481344956518
SJER,5,gcc_90,-2.1778335169609023e-4
SJER,5,le,0.4132628217252605
SJER,5,nee,0.19848954955599862
SJER,5,rcc_90,0.0021322486487770215
SJER,10,gcc_90,-1.8855377707634088e-4
SJER,10,le,-0.028881911083690915
SJER,10,nee,0.16034666078130197
SJER,10,rcc_90,0.001799896176777531
SJER,15,gcc_90,-1.492280050940817e-4
SJER,15,le,-0.2792982501741769
SJER,15,nee,0.133162038824421
SJER,15,rcc_90,0.0017788946043004919
SJER,20,gcc_90,-2.3591427084093092e-4
SJER,20,le,-0.48613826845992203
SJER,20,nee,0.11075278481531863
SJER,20,rcc_90,0.0018628474877251948
SJER,25,gcc_90,-2.140746948439894e-4
SJER,25,le,-0.6444327747758996
SJER,25,nee,0.09133767839160033
SJER,25,rcc_90,0.002099818617246363
SJER,30,gcc_90,-1.6382093451683033e-4
SJER,30,le,-0.7554485303816093
SJER,30,nee,0.07193486404769632
SJER,30,rcc_90,0.0023865145632874646
SRER,1,gcc_90,0.002231202452370918
SRER,1,le,1.8641226656175316
SRER,1,nee,0.06046076521352045
SRER,1,rcc_90,0.0021298994453630704
SRER,5,gcc_90,0.0016878406032433887
SRER,5,le,1.3309210172192458
SRER,5,nee,0.0385257137145492
SRER,5,rcc_90,0.0012760751920397905
SRER,10,gcc_90,0.0014395401351951632
SRER,10,le,0.9185963256355976
SRER,10,nee,0.022076258119894897
SRER,10,rcc_90,5.030206574527411e-4
SRER,15,gcc_90,0.0012013092977239865
SRER,15,le,0.6979967031853254
SRER,15,nee,0.016581060215893614
SRER,15,rcc_90,7.152899680066908e-5
SRER,20,gcc_90,8.370318936726365e-4
SRER,20,le,0.5209732673139457
SRER,20,nee,0.015856470811334258
SRER,20,rcc_90,-2.2329983456441935e-4
SRER,25,gcc_90,5.812570430253063e-4
SRER,25,le,0.3925026598765147
SRER,25,nee,0.018122817500357994
SRER,25,rcc_90,-3.401531551659691e-4
SRER,30,gcc_90,3.5388789535254254e-4
SRER,30,le,0.31131512037944475
SRER,30,nee,0.020400289315898348
SRER,30,rcc_90,-3.961993850974989e-4
STEI,1,gcc_90,-0.005331089407815479
STEI,1,le,-3.675007677128236
STEI,1,nee,-0.3222679870754064
STEI,1,rcc_90,-0.0012862154353396086
STEI,5,gcc_90,-0.005858934674088507
STEI,5,le,-4.3016175858494305
STEI,5,nee,-0.3864673905880648
STEI,5,rcc_90,-0.0020180171719105166
STEI,10,gcc_90,-0.006087829788244984
STEI,10,le,-4.830684828188116
STEI,10,nee,-0.4557466048189426
STEI,10,rcc_90,-0.0026169680030622587
STEI,15,gcc_90,-0.006306647112
STEI,15,le,-5.167997890702912
STEI,15,nee,-0.5140702979793362
STEI,15,rcc_90,-0.002834397248083277
STEI,20,gcc_90,-0.0066515015559646925
STEI,20,le,-5.4617109068714615
STEI,20,nee,-0.5676220799988052
STEI,20,rcc_90,-0.0028745062363854197
STEI,25,gcc_90,-0.006887848473927369
STEI,25,le,-5.706862848985409
STEI,25,nee,-0.6181820569638382
STEI,25,rcc_90,-0.0027105263085949677
STEI,30,gcc_90,-0.007095788983381556
STEI,30,le,-5.904730925181215
STEI,30,nee,-0.6687305940978361
STEI,30,rcc_90,-0.002477981160817127
STER,1,gcc_90,0.0016937076621292807
STER,1,le,2.4542034042144816
STER,1,nee,0.17651237181539725
STER,1,rcc_90,0.00822437374302649
STER,5,gcc_90,0.0010100604262325724
STER,5,le,1.9009557657028437
STER,5,nee,0.13426015993503287
STER,5,rcc_90,0.0059813281389088915
STER,10,gcc_90,6.177916273542741e-4
STER,10,le,1.4635661799677457
STER,10,nee,0.09241449991139011
STER,10,rcc_90,0.0037062518034237796
STER,15,gcc_90,3.1950806284199087e-4
STER,15,le,1.217883482370503
STER,15,nee,0.06152373660682007
STER,15,rcc_90,0.002189119336296087
STER,20,gcc_90,-1.154771865305266e-6
STER,20,le,1.0157534017724614
STER,20,nee,0.03540440635685092
STER,20,rcc_90,0.0013491624495195577
STER,25,gcc_90,-1.3913165875455163e-4
STER,25,le,0.8621516199321271
STER,25,nee,0.012276667384108299
STER,25,rcc_90,0.0011022780114734855
STER,30,gcc_90,-2.22449238483328e-4
STER,30,le,0.7558219008744828
STER,30,nee,-0.01083967111710428
STER,30,rcc_90,0.0010597637125486646
TALL,1,gcc_90,8.736143327161884e-4
TALL,1,le,-0.5341264413063551
TALL,1,nee,-0.04415996225787528
TALL,1,rcc_90,9.371818992616039e-4
TALL,5,gcc_90,5.773055729856617e-4
TALL,5,le,-1.675632053587922
TALL,5,nee,-0.07909167728669916
TALL,5,rcc_90,2.0123933872792085e-4
TALL,10,gcc_90,6.378238794430857e-4
TALL,10,le,-2.8483035805544623
TALL,10,nee,-0.1117861159185759
TALL,10,rcc_90,-4.0290469997502504e-4
TALL,15,gcc_90,7.084202174141343e-4
TALL,15,le,-3.8291868044229345
TALL,15,nee,-0.13352463990790767
TALL,15,rcc_90,-6.255606942207865e-4
TALL,20,gcc_90,6.52986412044759e-4
TALL,20,le,-4.766428856020692
TALL,20,nee,-0.15049113334575656
TALL,20,rcc_90,-6.709395399182892e-4
TALL,25,gcc_90,7.06067660212361e-4
TALL,25,le,-5.6550787304667285
TALL,25,nee,-0.16446621075960743
TALL,25,rcc_90,-5.122636624983038e-4
TALL,30,gcc_90,7.875594821388655e-4
TALL,30,le,-6.496429836857746
TALL,30,nee,-0.17843031689888408
TALL,30,rcc_90,-2.850348816925457e-4
TOOL,1,gcc_90,-0.0029760592144241755
TOOL,1,le,-0.14885309515404047
TOOL,1,nee,-0.038810410045142636
TOOL,1,rcc_90,-0.0216559381097501
TOOL,5,gcc_90,-0.0036456740595514313
TOOL,5,le,-0.6596122919314007
TOOL,5,nee,-0.06071805693001981
TOOL,5,rcc_90,-0.023450538437138273
TOOL,10,gcc_90,-0.004051777430826722
TOOL,10,le,-1.0440076694635159
TOOL,10,nee,-0.07977689011334144
TOOL,10,rcc_90,-0.025377989085966366
TOOL,15,gcc_90,-0.004447779059791759
TOOL,15,le,-1.2368871815452118
TOOL,15,nee,-0.09074673777062643
TOOL,15,rcc_90,-0.02692390761739243
TOOL,20,gcc_90,-0.004969784257127498
TOOL,20,le,-1.3863576892565521
TOOL,20,nee,-0.09956080965506268
TOOL,20,rcc_90,-0.0282924683082186
TOOL,25,gcc_90,-0.005383254362531504
TOOL,25,le,-1.4873827574948608
TOOL,25,nee,-0.10788589016413519
TOOL,25,rcc_90,-0.029456896722045028
TOOL,30,gcc_90,-0.005768304751465337
TOOL,30,le,-1.5411649483926118
TOOL,30,nee,-0.11756638602168798
TOOL,30,rcc_90,-0.03055273422625653
TREE,1,gcc_90,-0.01003466488193249
TREE,1,le,-2.1703119761321465
TREE,1,nee,-0.41601645949711646
TREE,1,rcc_90,-0.0026852882524117344
TREE,5,gcc_90,-0.010654918621655
TREE,5,le,-2.7894426710971665
TREE,5,nee,-0.47264143273087644
TREE,5,rcc_90,-0.0037737509926670625
TREE,10,gcc_90,-0.010999262878459506
TREE,10,le,-3.309157815732739
TREE,10,nee,-0.5324530427813958
TREE,10,rcc_90,-0.004818517352949577
TREE,15,gcc_90,-0.011333446794694123
TREE,15,le,-3.6371036617413743
TREE,15,nee,-0.5813099687813329
TREE,15,rcc_90,-0.005481732416834515
TREE,20,gcc_90,-0.011793610513932134
TREE,20,le,-3.9214312165986964
TREE,20,nee,-0.6253959993651931
TREE,20,rcc_90,-0.005967585884019731
TREE,25,gcc_90,-0.012145243072883009
TREE,25,le,-4.157182841998062
TREE,25,nee,-0.6664910146289988
TREE,25,rcc_90,-0.006249314562677623
TREE,30,gcc_90,-0.01246846583309911
TREE,30,le,-4.3456426308968545
TREE,30,nee,-0.7075748927204213
TREE,30,rcc_90,-0.006462461561555345
UKFS,1,gcc_90,-0.009740661101511719
UKFS,1,le,-1.2860399630377208
UKFS,1,nee,-0.04119428577916641
UKFS,1,rcc_90,-8.66171990934246e-4
UKFS,5,gcc_90,-0.010285582287354537
UKFS,5,le,-2.1263265754177
UKFS,5,nee,-0.08207407439072043
UKFS,5,rcc_90,-0.0017234538806479105
UKFS,10,gcc_90,-0.010535738165494066
UKFS,10,le,-2.927149815314296
UKFS,10,nee,-0.12220398258979533
UKFS,10,rcc_90,-0.002479302408915208
UKFS,15,gcc_90,-0.01077577882035035
UKFS,15,le,-3.54574412405672
UKFS,15,nee,-0.15137859498841277
UKFS,15,rcc_90,-0.0028537311514258176
UKFS,20,gcc_90,-0.01114195477894688
UKFS,20,le,-4.131304595104716
UKFS,20,nee,-0.17578135675079834
UKFS,20,rcc_90,-0.0030509553100978746
UKFS,25,gcc_90,-0.011399697772405463
UKFS,25,le,-4.677077949128373
UKFS,25,nee,-0.19719219456002177
UKFS,25,rcc_90,-0.0030441711574955913
UKFS,30,gcc_90,-0.011629065749148779
UKFS,30,le,-5.18020090765492
UKFS,30,nee,-0.21859149073090953
UKFS,30,rcc_90,-0.0029688536087707764
UNDE,1,gcc_90,-0.009914022592465672
UNDE,1,le,-2.4029623965717004
UNDE,1,nee,-0.44044389695096925
UNDE,1,rcc_90,-0.00355502997710521
UNDE,5,gcc_90,-0.010448831196906715
UNDE,5,le,-2.928530600000694
UNDE,5,nee,-0.47906733072001123
UNDE,5,rcc_90,-0.004521368974132417
UNDE,10,gcc_90,-0.010686394680996495
UNDE,10,le,-3.331291607173618
UNDE,10,nee,-0.5179627294405124
UNDE,10,rcc_90,-0.005413462490600761
UNDE,15,gcc_90,-0.010913822558829634
UNDE,15,le,-3.5422828282078775
UNDE,15,nee,-0.5480395559737948
UNDE,15,rcc_90,-0.005923973663342647
UNDE,20,gcc_90,-0.011267241127061753
UNDE,20,le,-3.709654909839506
UNDE,20,nee,-0.5762763656041402
UNDE,20,rcc_90,-0.006257102187910201
UNDE,25,gcc_90,-0.011512131152327883
UNDE,25,le,-3.8284516467240888
UNDE,25,nee,-0.6049484914067833
UNDE,25,rcc_90,-0.00638609812492972
UNDE,30,gcc_90,-0.011728610492823466
UNDE,30,le,-3.899957817960878
UNDE,30,nee,-0.6355261951725786
UNDE,30,rcc_90,-0.006446511259688391
WOOD,1,gcc_90,-0.0041105526994240004
WOOD,1,le,-0.6036475369551142
WOOD,1,nee,-0.03869655210767277
WOOD,1,rcc_90,-9.36714529458046e-4
WOOD,5,gcc_90,-0.004645544390063706
WOOD,5,le,-1.4376991380598563
WOOD,5,nee,-0.07777708827244048
WOOD,5,rcc_90,-0.0022692134949018877
WOOD,10,gcc_90,-0.004883371562378851
WOOD,10,le,-2.2260744103932386
WOOD,10,nee,-0.11565785786226691
WOOD,10,rcc_90,-0.003555721443203752
WOOD,15,gcc_90,-0.005111108277849632
WOOD,15,le,-2.8226978504231526
WOOD,15,nee,-0.1425834371865482
WOOD,15,rcc_90,-0.004359493886459484
WOOD,20,gcc_90,-0.0054648635513253165
WOOD,20,le,-3.3757195924288856
WOOD,20,nee,-0.1647373389747261
WOOD,20,rcc_90,-0.004881458081395306
WOOD,25,gcc_90,-0.005710095418568142
WOOD,25,le,-3.880170340479164
WOOD,25,nee,-0.18389936531569268
WOOD,25,rcc_90,-0.005127221395520241
WOOD,30,gcc_90,-0.005926912332387622
WOOD,30,le,-4.337328132804065
WOOD,30,nee,-0.20304976371195
WOOD,30,rcc_90,-0.005274913236934164
WREF,1,gcc_90,0.0013437264110977268
WREF,1,le,0.9148841909563791
WREF,1,nee,0.2136214548476772
WREF,1,rcc_90,0.0012286698206244236
WREF,5,gcc_90,0.0010199963844280135
WREF,5,le,0.405037312331807
WREF,5,nee,0.17423760590228282
WREF,5,rcc_90,4.2079214916424174e-4
WREF,10,gcc_90,0.0010462399760915717
WREF,10,le,0.02191025929049761
WREF,10,nee,0.1359783079404406
WREF,10,rcc_90,-2.732471212483517e-4
WREF,15,gcc_90,0.0010825679834366175
WREF,15,le,-0.16947064444481205
WREF,15,nee,0.10867601116666016
WREF,15,rcc_90,-5.85746822025622e-4
WREF,20,gcc_90,9.928733015857306e-4
WREF,20,le,-0.3172378424123845
WREF,20,nee,0.08614703802723729
WREF,20,rcc_90,-7.209012294946026e-4
WREF,25,gcc_90,0.001011697591276114
WREF,25,le,-0.4164272395393887
WREF,25,nee,0.06661026340050173
WREF,25,rcc_90,-6.519489623479183e-4
WREF,30,gcc_90,0.0010589328925400849
WREF,30,le,-0.4683301737377456
WREF,30,nee,0.04708479548756581
WREF,30,rcc_90,-5.14423963772748e-4
YELL,1,gcc_90,6.372477930371418e-4
YELL,1,le,-2.1483056621602876
YELL,1,nee,-0.11792740617501815
YELL,1,rcc_90,0.002388915934246062
YELL,5,gcc_90,2.755323432014e-4
YELL,5,le,-2.673479906391473
YELL,5,nee,-0.15479941325506819
YELL,5,rcc_90,0.001675746082381182
YELL,10,gcc_90,2.542907316081493e-4
YELL,10,le,-3.075814578167419
YELL,10,nee,-0.18991987695563062
YELL,10,rcc_90,0.001100047892431365
YELL,15,gcc_90,2.4312681411829993e-4
YELL,15,le,-3.2865004418426755
YELL,15,nee,-0.21408532737192842
YELL,15,rcc_90,9.057691972881017e-4
YELL,20,gcc_90,1.0593447122039523e-4
YELL,20,le,-3.453671451891333
YELL,20,nee,-0.23347933398723156
YELL,20,rcc_90,8.886730228449312e-4
YELL,25,gcc_90,7.725941223874101e-5
YELL,25,le,-3.572321711264416
YELL,25,nee,-0.2498819339769438
YELL,25,rcc_90,0.0010755496589704432
YELL,30,gcc_90,7.699596142633128e-5
YELL,30,le,-3.643697567781535
YELL,30,nee,-0.26627326237186455
YELL,30,rcc_90,0.0013309431564915376
SOAP,1,le,0.21589149364174443
SOAP,1,nee,-0.04062804808783213
SOAP,5,le,-0.12226721531569833
SOAP,5,nee,-0.06184957241198518
SOAP,10,le,-0.2907607917516286
SOAP,10,nee,-0.07740667232847454
SOAP,15,le,-0.26747838919064965
SOAP,15,nee,-0.08200858986021044
SOAP,20,le,-0.2005674180941791
SOAP,20,nee,-0.08183875619433585
SOAP,25,le,-0.08507106675986534
SOAP,25,nee,-0.07867708859975121
SOAP,30,le,0.07771961529168378
SOAP,30,nee,-0.07550398306595955
TEAK,1,le,4.440401024036911
TEAK,1,nee,-0.022559530968864854
TEAK,5,le,3.6687231167631955
TEAK,5,nee,-0.056540007232535716
TEAK,10,le,2.958320860022616
TEAK,10,nee,-0.08804596967408929
TEAK,15,le,2.4396789025724486
TEAK,15,nee,-0.10859725026116356
TEAK,20,le,1.9646456253530256
TEAK,20,nee,-0.1243775974208447
TEAK,25,le,1.5381781699096335
TEAK,25,nee,-0.1371668641561751
TEAK,30,le,1.1589961242789002
TEAK,30,nee,-0.14994497296645243
ARIK,1,oxygen,-0.24246410376878527
ARIK,1,temperature,-0.235825504008669
ARIK,5,oxygen,-0.2914020485505538
ARIK,5,temperature,-0.3836462356751628
ARIK,10,oxygen,-0.3365508469940759
ARIK,10,temperature,-0.5385939923651404
ARIK,15,oxygen,-0.3680094346979917
ARIK,15,temperature,-0.6647128516204065
ARIK,20,oxygen,-0.3948929331448217
ARIK,20,temperature,-0.7711447362385471
ARIK,25,oxygen,-0.41818355284737174
ARIK,25,temperature,-0.8610575465200426
ARIK,30,oxygen,-0.44085711306142544
ARIK,30,temperature,-0.9510566107958428
BLDE,1,oxygen,-0.03985795311060294
BLDE,1,temperature,-0.3253152267513642
BLDE,5,oxygen,-0.06931592546490284
BLDE,5,temperature,-0.38404950790518094
BLDE,10,oxygen,-0.09333786472996382
BLDE,10,temperature,-0.4434689318999548
BLDE,15,oxygen,-0.10807665634472786
BLDE,15,temperature,-0.5027449362345728
BLDE,20,oxygen,-0.1211167137661197
BLDE,20,temperature,-0.5636944582310827
BLDE,25,oxygen,-0.13243257833558775
BLDE,25,temperature,-0.6202993759269045
BLDE,30,oxygen,-0.14375749087556777
BLDE,30,temperature,-0.6807889028935531
BLUE,1,oxygen,0.3718181167087135
BLUE,1,temperature,0.34788731656025496
BLUE,5,oxygen,0.33440498495283677
BLUE,5,temperature,0.23725747046695
BLUE,10,oxygen,0.30366198511534837
BLUE,10,temperature,0.12688153250049516
BLUE,15,oxygen,0.28660887197886686
BLUE,15,temperature,0.04172153925252833
BLUE,20,oxygen,0.27413076876617715
BLUE,20,temperature,-0.028897655416711975
BLUE,25,oxygen,0.26524564930952155
BLUE,25,temperature,-0.08710193401184127
BLUE,30,oxygen,0.2569776682254591
BLUE,30,temperature,-0.1466865584559513
CARI,1,oxygen,0.32560038516049417
CARI,1,temperature,0.26722307731482564
CARI,5,oxygen,0.2884638534738569
CARI,5,temperature,0.1572653570396471
CARI,10,oxygen,0.2580640618692285
CARI,10,temperature,0.047728651255200476
CARI,15,oxygen,0.2413502930646229
CARI,15,temperature,-0.03659399947235817
CARI,20,oxygen,0.22920893836621073
CARI,20,temperature,-0.10637703565109523
CARI,25,oxygen,0.22065911442667746
CARI,25,temperature,-0.1637456595794802
CARI,30,oxygen,0.21272589434171119
CARI,30,temperature,-0.2224947652972148
COMO,1,oxygen,-0.2244539584801129
COMO,1,temperature,-1.8435786052707372
COMO,5,oxygen,-0.25912425136591793
COMO,5,temperature,-1.9230509530658149
COMO,10,oxygen,-0.2882447765380757
COMO,10,temperature,-1.9944792553426913
COMO,15,oxygen,-0.3066279847910399
COMO,15,temperature,-2.0406898793284722
COMO,20,oxygen,-0.3227844755304901
COMO,20,temperature,-2.072356311356505
COMO,25,oxygen,-0.3369216161295177
COMO,25,temperature,-2.091604997831408
COMO,30,oxygen,-0.351088209184993
COMO,30,temperature,-2.1122327181230625
CUPE,1,oxygen,0.016975219760881354
CUPE,1,temperature,-0.12225054922558162
CUPE,5,oxygen,5.938672862556775e-4
CUPE,5,temperature,-0.18185731088568832
CUPE,10,oxygen,-0.010629589588678023
CUPE,10,temperature,-0.23223947406983508
CUPE,15,oxygen,-0.017644978468700858
CUPE,15,temperature,-0.2655527202541054
CUPE,20,oxygen,-0.025879588155196514
CUPE,20,temperature,-0.29143533508238545
CUPE,25,oxygen,-0.03380440130201002
CUPE,25,temperature,-0.3093803689416241
CUPE,30,oxygen,-0.042297018859011326
CUPE,30,temperature,-0.3306122893399169
GUIL,1,oxygen,0.04459717312746654
GUIL,1,temperature,0.08773835001780898
GUIL,5,oxygen,0.030783083239139284
GUIL,5,temperature,0.03909112628132171
GUIL,10,oxygen,0.024244514648532566
GUIL,10,temperature,0.0022713829860763852
GUIL,15,oxygen,0.023689215575143523
GUIL,15,temperature,-0.019179245107526263
GUIL,20,oxygen,0.02240189142994729
GUIL,20,temperature,-0.03522796837020983
GUIL,25,oxygen,0.02128543081932402
GUIL,25,temperature,-0.04462835979881241
GUIL,30,oxygen,0.01949161798152412
GUIL,30,temperature,-0.05770767921465021
HOPB,1,oxygen,-0.04436870384499742
HOPB,1,temperature,-0.10769840083411812
HOPB,5,oxygen,-0.0571398023019969
HOPB,5,temperature,-0.1797274182515061
HOPB,10,oxygen,-0.06871969129106424
HOPB,10,temperature,-0.24718250286623525
HOPB,15,oxygen,-0.08137297675432578
HOPB,15,temperature,-0.3003707861650686
HOPB,20,oxygen,-0.09696188613020872
HOPB,20,temperature,-0.3494219683706732
HOPB,25,oxygen,-0.11307868242579568
HOPB,25,temperature,-0.39284702081279843
HOPB,30,oxygen,-0.13034133482397844
HOPB,30,temperature,-0.44031897004282955
KING,1,oxygen,3.892470125829089
KING,1,temperature,5.607705025107841
KING,5,oxygen,3.823228924946329
KING,5,temperature,5.492703199372278
KING,10,oxygen,3.752700230848978
KING,10,temperature,5.376861288132602
KING,15,oxygen,3.695860508553188
KING,15,temperature,5.286234477022072
KING,20,oxygen,3.6435949536153522
KING,20,temperature,5.210150097252113
KING,25,oxygen,3.5949215196815922
KING,25,temperature,5.146482792987845
KING,30,oxygen,3.5468647848687644
KING,30,temperature,5.081436261827029
LECO,1,oxygen,0.085975987087042
LECO,1,temperature,0.23356989816086465
LECO,5,oxygen,0.05149970051785893
LECO,5,temperature,0.13364096224823196
LECO,10,oxygen,0.024427346873765524
LECO,10,temperature,0.036640451242299976
LECO,15,oxygen,0.011044214869766132
LECO,15,temperature,-0.035145053736906295
LECO,20,oxygen,0.0022355791148369357
LECO,20,temperature,-0.09239013834974905
LECO,25,oxygen,-0.0029803921690697895
LECO,25,temperature,-0.1372206819228818
LECO,30,oxygen,-0.007579339910146763
LECO,30,temperature,-0.18343171995452182
LEWI,1,oxygen,0.0533623685511554
LEWI,1,temperature,0.1604803857317652
LEWI,5,oxygen,0.01726916819497746
LEWI,5,temperature,0.05372783979389264
LEWI,10,oxygen,-0.011823994811660759
LEWI,10,temperature,-0.05180183156821409
LEWI,15,oxygen,-0.027227384602080323
LEWI,15,temperature,-0.1321158495444791
LEWI,20,oxygen,-0.03805584763841557
LEWI,20,temperature,-0.19788876671985461
LEWI,25,oxygen,-0.04529136378437627
LEWI,25,temperature,-0.25124665976383237
LEWI,30,oxygen,-0.05190974766644399
LEWI,30,temperature,-0.3059849156012565
MART,1,oxygen,-0.05316227188289315
MART,1,temperature,0.16283772609786792
MART,5,oxygen,-0.06348998227134088
MART,5,temperature,0.12651631650155856
MART,10,oxygen,-0.07166769873425903
MART,10,temperature,0.10702532114517309
MART,15,oxygen,-0.08232156628883144
MART,15,temperature,0.10600029553754685
MART,20,oxygen,-0.10154160142109304
MART,20,temperature,0.11195116539270684
MART,25,oxygen,-0.12300649469296142
MART,25,temperature,0.12617345438082936
MART,30,oxygen,-0.14472982135037968
MART,30,temperature,0.137870251223009
MAYF,1,oxygen,0.0304658170209852
MAYF,1,temperature,-0.2647055205700974
MAYF,5,oxygen,-0.010819413429133314
MAYF,5,temperature,-0.36953825245685373
MAYF,10,oxygen,-0.046402459408960275
MAYF,10,temperature,-0.47013986756648307
MAYF,15,oxygen,-0.06829526617537247
MAYF,15,temperature,-0.5402531056514394
MAYF,20,oxygen,-0.08561248342612794
MAYF,20,temperature,-0.5889609026025285
MAYF,25,oxygen,-0.09933627078574397
MAYF,25,temperature,-0.620641301277985
MAYF,30,oxygen,-0.11244272070814937
MAYF,30,temperature,-0.6524440881742771
MCDI,1,oxygen,0.13887707332285165
MCDI,1,temperature,0.3125259193897316
MCDI,5,oxygen,0.0963993173225273
MCDI,5,temperature,0.22705263632154968
MCDI,10,oxygen,0.057940001250794196
MCDI,10,temperature,0.1481220786986143
MCDI,15,oxygen,0.030061688210133834
MCDI,15,temperature,0.09440649737286401
MCDI,20,oxygen,0.003816465206157212
MCDI,20,temperature,0.055230451272304124
MCDI,25,oxygen,-0.02037047626268502
MCDI,25,temperature,0.028467776274720576
MCDI,30,oxygen,-0.04453369807508931
MCDI,30,temperature,3.2376583634957553e-4
MCRA,1,oxygen,0.07693550732772501
MCRA,1,temperature,0.06034342876677647
MCRA,5,oxygen,0.035603453096510175
MCRA,5,temperature,-0.03301817466678916
MCRA,10,oxygen,-3.837417847480939e-5
MCRA,10,temperature,-0.1218096580384133
MCRA,15,oxygen,-0.021990564367409187
MCRA,15,temperature,-0.18538740026300443
MCRA,20,oxygen,-0.039367929284819685
MCRA,20,temperature,-0.23442647301634031
MCRA,25,oxygen,-0.053152409542295755
MCRA,25,temperature,-0.2710519866129281
MCRA,30,oxygen,-0.06631978568410546
MCRA,30,temperature,-0.30905842985819776
OKSR,1,oxygen,0.13240917261793217
OKSR,1,temperature,1.0978552803177406
OKSR,5,oxygen,0.04617882878986428
OKSR,5,temperature,0.7601006840270512
OKSR,10,oxygen,-0.045585903672403685
OKSR,10,temperature,0.3693508839045858
OKSR,15,oxygen,-0.1236608442878581
OKSR,15,temperature,0.012721367283153899
OKSR,20,oxygen,-0.19716046716017893
OKSR,20,temperature,-0.3127267136892416
OKSR,25,oxygen,-0.267066773854436
OKSR,25,temperature,-0.610645074213918
OKSR,30,oxygen,-0.3363558175571258
OKSR,30,temperature,-0.903496680865744
POSE,1,oxygen,-0.009305996034747842
POSE,1,temperature,-0.0060961676759666425
POSE,5,oxygen,-0.04720430527317552
POSE,5,temperature,-0.11443316540356051
POSE,10,oxygen,-0.0785539421994707
POSE,10,temperature,-0.2219244022897105
POSE,15,oxygen,-0.0962139083661318
POSE,15,temperature,-0.30415495107890245
POSE,20,oxygen,-0.10929892516469557
POSE,20,temperature,-0.3717701328217301
POSE,25,oxygen,-0.11879094720359464
POSE,25,temperature,-0.4269120871103572
POSE,30,oxygen,-0.1276658266400626
POSE,30,temperature,-0.4834141110465649
PRIN,1,oxygen,0.07238150161485875
PRIN,1,temperature,0.25798018747511203
PRIN,5,oxygen,0.01107810143746708
PRIN,5,temperature,0.0851296727070207
PRIN,10,oxygen,-0.05031625210999676
PRIN,10,temperature,-0.10302186399519159
PRIN,15,oxygen,-0.0945663839069849
PRIN,15,temperature,-0.2659566773119401
PRIN,20,oxygen,-0.11738650156259846
PRIN,20,temperature,-0.4143490578703271
PRIN,25,oxygen,-0.11931628510848725
PRIN,25,temperature,-0.550325241948362
PRIN,30,oxygen,-0.11134123388122019
PRIN,30,temperature,-0.6876813163481164
REDB,1,oxygen,0.10211261811177894
REDB,1,temperature,0.4073864107291562
REDB,5,oxygen,0.06574769923242704
REDB,5,temperature,0.29981701929487115
REDB,10,oxygen,0.03631398295925685
REDB,10,temperature,0.19326597538359952
REDB,15,oxygen,0.020568498249370223
REDB,15,temperature,0.11193016905992169
REDB,20,oxygen,0.009396664330959379
REDB,20,temperature,0.0451356193740128
REDB,25,oxygen,0.0018170304836517155
REDB,25,temperature,-0.009243539511205302
REDB,30,oxygen,-0.005145740808974845
REDB,30,temperature,-0.06500285471010683
SYCA,1,oxygen,0.5568424051403934
SYCA,1,temperature,21.501446968405073
SYCA,5,oxygen,0.5345366472047475
SYCA,5,temperature,21.283139839623516
SYCA,10,oxygen,0.5226768808094489
SYCA,10,temperature,21.07148543788346
SYCA,15,oxygen,0.5245057869749096
SYCA,15,temperature,20.995409163475596
SYCA,20,oxygen,0.5309093514431681
SYCA,20,temperature,20.986024538258572
SYCA,25,oxygen,0.5409064944133077
SYCA,25,temperature,20.972719937169213
SYCA,30,oxygen,0.5515213349651387
SYCA,30,temperature,20.94007145008957
TECR,1,oxygen,-0.21492375827232452
TECR,1,temperature,3.338049258113878
TECR,5,oxygen,-0.22357858688706422
TECR,5,temperature,3.300273099692939
TECR,10,oxygen,-0.22856456768616515
TECR,10,temperature,3.2809605955441814
TECR,15,oxygen,-0.2386760871983038
TECR,15,temperature,3.2868549102763915
TECR,20,oxygen,-0.25959038458333505
TECR,20,temperature,3.3072815828527165
TECR,25,oxygen,-0.2869269361222476
TECR,25,temperature,3.3401165968450517
TECR,30,oxygen,-0.3174738242388717
TECR,30,temperature,3.371568155576224
WALK,1,oxygen,0.19117126636572748
WALK,1,temperature,0.14691147644371272
WALK,5,oxygen,0.16473421771692814
WALK,5,temperature,0.059134703096290465
WALK,10,oxygen,0.14771097634135896
WALK,10,temperature,-0.02267536689874679
WALK,15,oxygen,0.14437713290020657
WALK,15,temperature,-0.07926979586115596
WALK,20,oxygen,0.14561794437127126
WALK,20,temperature,-0.12132317930408477
WALK,25,oxygen,0.15045149620786047
WALK,25,temperature,-0.150961623870819
WALK,30,oxygen,0.15590207108857287
WALK,30,temperature,-0.18198047652419666
WLOU,1,oxygen,0.10138755006931037
WLOU,1,temperature,-0.19585280396016022
WLOU,5,oxygen,0.0841557545910477
WLOU,5,temperature,-0.2687010309634335
WLOU,10,oxygen,0.07331752626819212
WLOU,10,temperature,-0.331851432108676
WLOU,15,oxygen,0.06839842672262329
WLOU,15,temperature,-0.3697898952841574
WLOU,20,oxygen,0.06300075885099138
WLOU,20,temperature,-0.39319201256809055
WLOU,25,oxygen,0.05809598647140767
WLOU,25,temperature,-0.4041826648139931
WLOU,30,oxygen,0.05261422779260889
WLOU,30,temperature,-0.41655510558611875
